listing_id,date,num_reviews,reviewers
20640334,2025-09-01,1,508202605
20640334,2026-02-01,1,43907549
33680124,2026-04-01,1,102109552
33680124,2026-03-01,3,"430093410,52957083,68649886"
33680124,2025-12-01,2,"32929512,256258503"
33680124,2025-08-01,1,146513045
22350273,2025-07-01,1,699789228
22350273,2025-09-01,1,548162234
22350273,2026-01-01,1,441202514
22350273,2025-08-01,1,570152723
22350273,2025-12-01,3,"123618999,495753923,436115038"
21817661,2026-03-01,1,509155035
21817661,2026-01-01,1,383456604
21817661,2025-09-01,1,187932729
21817661,2026-04-01,2,"442368414,282434342"
21817661,2025-10-01,3,"407082375,302444153,8480324"
21817661,2025-06-01,2,"231911110,231911110"
31454373,2025-07-01,1,74181896
31454373,2025-08-01,1,74181896
31454373,2026-03-01,1,167825862
22850299,2026-04-01,1,680324177
22850299,2026-03-01,3,"557354430,749670251,53763235"
22850299,2026-02-01,3,"496692911,393945929,564210478"
22850299,2025-06-01,3,"686197029,686197029,375720341"
22850299,2025-08-01,1,464187059
22850299,2025-07-01,1,245915842
22850299,2025-10-01,1,45860423
22850299,2025-09-01,3,"338503393,90904559,137704064"
22850299,2025-12-01,3,"158399122,200832923,202938611"
22850299,2025-11-01,5,"567626079,244210991,478904818,536086602,416596100"
22850299,2026-01-01,1,405980746
13788880,2026-01-01,1,33225094
13788880,2025-12-01,2,"3747113,6768131"
31867822,2025-10-01,1,76870446
13515781,2026-03-01,2,"135481672,5790156"
13515781,2025-12-01,1,552234210
13515781,2025-11-01,1,730146573
34009249,2026-05-01,1,213278789
34009249,2026-03-01,1,259122530
34009249,2025-07-01,2,"24986666,356893313"
34009249,2025-06-01,1,16899125
23268004,2025-12-01,1,277070489
23268004,2026-04-01,1,435825728
23268004,2026-02-01,1,341091016
23268004,2026-01-01,1,372804143
3354986,2025-12-01,2,"563031618,21739955"
25826320,2025-12-01,1,48283961
25826320,2025-10-01,1,267737406
25826320,2025-09-01,1,713607255
19307225,2025-09-01,5,"569381490,127797482,541338143,149092373,315463677"
19307225,2025-08-01,7,"29355444,123376334,251711499,336778134,12825460,88727978,12825460"
19307225,2025-07-01,5,"275948113,140735617,698188214,506202369,440292777"
19307225,2025-06-01,5,"265519412,147254455,496103025,202450122,192862014"
24380815,2026-02-01,1,194860643
24380815,2025-12-01,1,562179879
24380815,2025-10-01,2,"324911898,208903829"
24380815,2025-08-01,1,427460108
24380815,2025-06-01,1,377330693
25507211,2025-12-01,1,37892963
25507211,2025-11-01,2,"206697365,21091204"
25507211,2025-08-01,1,477030681
34002480,2026-01-01,1,225874922
33996950,2026-03-01,1,736774884
33996950,2025-12-01,2,"509885332,421871132"
33996950,2025-11-01,1,491624539
33996950,2025-09-01,1,81124140
33996950,2025-06-01,1,4548124
506824,2026-05-01,1,3163426
506824,2026-03-01,3,"29384488,136235989,295367603"
506824,2025-11-01,4,"573767780,144201174,263216035,106630757"
506824,2026-04-01,3,"82789365,56918910,468258101"
506824,2025-12-01,1,17937816
506824,2025-10-01,2,"117321178,7536068"
506824,2025-06-01,1,65320982
24026195,2026-05-01,2,"251030434,73852760"
24026195,2026-04-01,3,"477978242,251030434,330910483"
24026195,2026-03-01,2,"19504819,19504819"
24026195,2026-01-01,1,53579123
24026195,2025-10-01,1,428197902
24026195,2025-08-01,2,"486549112,454292926"
24026195,2025-07-01,1,44254428
24026195,2025-06-01,2,"159249371,347640916"
29581410,2026-05-01,1,594170132
29581410,2026-03-01,4,"237500598,225716708,543894957,502707029"
29581410,2026-01-01,4,"476762988,220474699,191683247,159751033"
29581410,2025-11-01,3,"292076081,107041128,65199023"
29581410,2025-09-01,2,"90201810,715648466"
29581410,2026-04-01,2,"325672271,594170132"
29581410,2026-02-01,2,"25678204,253594924"
29581410,2025-12-01,4,"15365284,6360511,86647707,27245519"
29581410,2025-08-01,1,48724350
21949985,2026-03-01,1,405735333
21854423,2025-08-01,1,533287884
21854423,2025-10-01,1,725051967
21854423,2025-11-01,1,292476540
21854423,2026-01-01,1,284933776
21854423,2025-12-01,3,"732594448,483924920,732997258"
17128380,2026-04-01,1,396537834
17128380,2026-03-01,2,"20150213,223223149"
17128380,2025-09-01,1,11586508
17128380,2025-11-01,3,"441764449,275448712,492998303"
17128380,2025-10-01,1,234450719
17128380,2025-12-01,3,"101465191,449260664,435374287"
17128380,2026-02-01,3,"10686092,392087396,119521646"
26172294,2026-05-01,1,459983494
26172294,2026-03-01,3,"372915432,49889793,384032387"
26172294,2025-07-01,3,"2117904,36288249,417917013"
26172294,2025-11-01,2,"20109370,7814063"
26172294,2025-09-01,5,"8089185,37109508,247570386,418663997,39928144"
26172294,2026-01-01,1,34611349
26172294,2026-04-01,3,"30178783,6169845,3420679"
26172294,2025-12-01,2,"26992516,56061508"
26172294,2025-10-01,4,"18940967,8095007,10485259,5990487"
26172294,2025-08-01,4,"109106044,10844554,190584372,25238856"
26172294,2025-06-01,3,"8225561,13940522,495359269"
26172294,2026-02-01,3,"181568205,650989554,12932389"
30324609,2026-01-01,1,1806020
30324609,2025-09-01,1,466971421
21036806,2026-03-01,1,347542045
21036806,2026-01-01,1,167210865
21036806,2025-11-01,1,114877571
21036806,2025-09-01,1,66989938
21036806,2025-07-01,1,46082129
21036806,2026-02-01,1,512140373
21036806,2025-12-01,1,246655877
15573550,2025-09-01,2,"104468261,283206757"
25920759,2026-03-01,3,"96677797,741960592,519549735"
25920759,2026-01-01,5,"153329538,44844174,203066953,26710959,100253236"
25920759,2025-11-01,5,"121913223,209984675,22484447,12418569,22484447"
25920759,2025-09-01,1,453671384
25920759,2025-07-01,1,149103829
25920759,2026-04-01,5,"545326614,30733483,237599211,134194307,110130257"
25920759,2026-02-01,6,"70534452,154440492,78227251,158804156,340923466,29627415"
25920759,2025-12-01,8,"30751460,59129827,199520601,5655890,90186376,261476087,509867998,314715222"
25920759,2025-10-01,2,"700060211,307350290"
25920759,2025-06-01,1,696544176
29678511,2026-04-01,2,"126064778,81615779"
29678511,2026-03-01,4,"14624184,28511560,34895973,26244208"
29678511,2026-02-01,1,121262318
29678511,2026-01-01,4,"527033000,139782410,75033030,735773040"
29678511,2025-12-01,4,"355739249,402192823,14214743,164331780"
29678511,2025-11-01,6,"22480890,95922452,519731607,704386758,430971151,670776878"
29678511,2025-10-01,2,"205839421,127797771"
29678511,2025-09-01,1,133148542
29678511,2025-08-01,2,"102675716,38521689"
29678511,2025-07-01,2,"28535221,28535221"
29678511,2025-06-01,2,"656864977,693681300"
31092170,2025-12-01,1,538251209
31092170,2026-01-01,1,410554439
28502817,2026-02-01,1,569064429
29172819,2026-02-01,1,125124281
29172819,2026-01-01,2,"149660675,523616619"
29172819,2025-12-01,1,168335536
29172819,2025-07-01,3,"29042760,584150281,12504769"
29172819,2025-06-01,1,66356660
21583654,2025-11-01,1,25843646
21583654,2025-08-01,1,361743980
27685979,2025-11-01,1,511034807
27685979,2025-07-01,1,312208850
27685979,2026-01-01,1,33656051
27685979,2025-12-01,1,7024156
27685979,2026-02-01,1,523603626
28503394,2025-07-01,1,159415688
31082839,2026-05-01,1,54912207
31082839,2026-03-01,1,4723890
31082839,2026-01-01,1,151260191
31082839,2025-11-01,1,29225841
31082839,2025-09-01,2,"6373042,23048386"
31082839,2025-07-01,1,43183278
31082839,2026-04-01,2,"84471017,483743968"
31082839,2025-12-01,2,"657814217,246595906"
31082839,2025-10-01,1,718169283
31082839,2025-06-01,2,"29225841,449039777"
33827701,2025-06-01,1,688962994
16659125,2026-03-01,1,16219607
16659125,2025-11-01,1,41837503
16659125,2026-01-01,2,"470298199,146186462"
16659125,2026-04-01,1,24380131
16659125,2026-02-01,1,363068370
16659125,2025-06-01,1,662707340
16659125,2025-08-01,2,"25368712,701526207"
26905752,2025-11-01,1,156417791
19233351,2025-11-01,1,408918813
19233351,2025-09-01,1,140243438
19233351,2026-03-01,1,21858932
19233351,2026-04-01,1,139502104
19233351,2026-02-01,1,457327570
19233351,2025-12-01,1,105953631
17423113,2026-03-01,1,121928946
17423113,2026-01-01,1,289856566
17423113,2025-12-01,1,585338779
17423113,2025-10-01,1,4933802
31116178,2026-03-01,4,"280848521,10593229,253284567,524196557"
31116178,2026-01-01,1,691787128
31116178,2025-11-01,3,"63965776,149299825,248117362"
31116178,2025-09-01,1,82831193
31116178,2025-07-01,2,"88395047,480205792"
31116178,2026-04-01,4,"161058721,352162750,57508063,489443122"
31116178,2026-02-01,1,131173884
31116178,2025-12-01,2,"443274712,518683148"
31116178,2025-10-01,3,"714036450,464968040,206251079"
31116178,2025-08-01,2,"691787128,715615581"
26907980,2025-12-01,1,660148927
25924427,2026-01-01,1,339912955
25924427,2026-03-01,2,"393212003,1237809"
25924427,2025-11-01,1,270204148
25924427,2025-09-01,1,342269946
25924427,2025-07-01,1,63538598
25924427,2025-12-01,2,"80237875,53061342"
31075653,2025-12-01,2,"536641155,731907287"
31075653,2025-11-01,1,22863961
31075653,2025-10-01,2,"78656989,56147588"
31075653,2025-09-01,5,"151469172,172979696,653236551,221501476,672669979"
31075653,2025-08-01,6,"19965697,186430777,421421380,489901055,138265958,266871494"
31075653,2025-07-01,1,650883852
31075653,2025-06-01,1,27851216
31075653,2026-04-01,1,667122135
31075653,2026-01-01,2,"659112263,17240350"
15859431,2026-05-01,2,"171690813,332445"
15859431,2026-03-01,1,331137302
15859431,2025-09-01,1,499229619
15859431,2026-04-01,2,"6609492,48258772"
15859431,2026-02-01,2,"375316256,135254285"
15859431,2025-12-01,1,42148253
15859431,2025-08-01,1,594773008
15859431,2025-06-01,1,34681827
21871363,2026-03-01,1,536735672
21871363,2026-01-01,3,"646332,48192067,236695053"
21871363,2026-04-01,1,293522807
21871363,2025-11-01,3,"118339910,544452077,707011610"
21871363,2025-12-01,2,"336968218,665591621"
20460220,2025-09-01,1,708347096
20460220,2026-03-01,4,"32808534,477042642,260067977,141297029"
20460220,2025-11-01,3,"39787527,7068637,7309233"
20460220,2025-10-01,2,"150738422,365328610"
20460220,2025-08-01,1,183337457
20460220,2026-04-01,4,"362424097,29067060,60090463,27510014"
20460220,2025-12-01,3,"29097347,55549266,30385509"
20460220,2026-02-01,1,19645474
19939757,2025-07-01,1,523812693
19939757,2026-04-01,1,419741417
19939757,2026-02-01,2,"208644947,114708415"
33595492,2025-10-01,1,414551300
32595127,2026-05-01,1,167826427
32595127,2026-04-01,1,109436276
32595127,2026-03-01,2,"716274969,582780625"
32595127,2025-12-01,1,129943098
32595127,2025-11-01,2,"22932609,144909506"
17481054,2026-05-01,1,25905398
17481054,2026-04-01,2,"77999091,246135386"
17481054,2026-03-01,2,"196099827,578436967"
17481054,2026-01-01,2,"21592520,728963015"
17481054,2025-12-01,2,"280750779,657867458"
17481054,2025-11-01,1,67658125
17481054,2025-10-01,3,"61695674,717789711,191425396"
17481054,2025-07-01,1,229190308
17481054,2025-06-01,2,"595597214,695327779"
30860301,2026-03-01,9,"110464704,686773943,240492039,746886805,202017220,567286033,305026943,174728084,133280190"
30860301,2026-01-01,8,"67896300,457467104,128970278,667841126,690693704,498022121,452555669,66668922"
30860301,2025-09-01,2,"255829073,12442107"
30860301,2025-07-01,1,666697250
30860301,2026-04-01,2,"26320595,575341380"
30860301,2026-02-01,4,"986381,159380218,57996693,707115822"
30860301,2025-12-01,3,"140808065,524627359,23003194"
30860301,2025-10-01,1,35910930
30860301,2025-08-01,1,463936387
30860301,2025-06-01,2,"94919360,92549569"
27348593,2025-06-01,1,89693431
23005724,2025-11-01,1,46078230
23005724,2025-09-01,2,"594921358,180301788"
23005724,2026-01-01,2,"569606203,13751478"
28057262,2025-10-01,1,513192114
14464801,2025-11-01,2,"291054297,32302282"
34025633,2025-06-01,1,511039012
34025633,2026-03-01,1,739681144
22916238,2025-12-01,2,"726225914,131589084"
22916238,2025-11-01,6,"525066753,723327059,436873793,713842321,485193178,726225914"
22916238,2025-10-01,1,653918400
22916238,2025-09-01,1,258878900
22916238,2025-08-01,3,"585592881,286953769,59496110"
29689988,2025-11-01,2,"174850956,289937764"
29689988,2025-10-01,1,85525316
29689988,2025-09-01,1,88871596
29689988,2025-06-01,1,167625686
29689988,2026-04-01,1,391674289
29689988,2026-02-01,1,91407734
29689988,2026-01-01,1,67486521
32269958,2026-05-01,1,474958830
32269958,2026-04-01,1,751167238
32269958,2026-03-01,1,211545952
32269958,2026-01-01,1,659602692
32269958,2025-11-01,1,522316661
32269958,2025-09-01,1,556081566
26902603,2026-03-01,1,380587949
26902603,2025-12-01,1,725641851
26902603,2025-11-01,1,432085052
26902603,2025-08-01,1,250486427
26902603,2026-01-01,1,559712569
9219471,2025-08-01,1,269561769
21037862,2026-05-01,1,484144425
21037862,2026-03-01,3,"277940610,415214798,58851838"
21037862,2026-02-01,1,195423158
21037862,2025-12-01,1,471387356
21037862,2025-11-01,1,728580068
21037862,2025-07-01,1,44834867
24344659,2026-03-01,2,"68823967,211897393"
24344659,2026-01-01,1,425355724
24344659,2026-04-01,2,"412321315,45258570"
24344659,2025-12-01,2,"282317946,422388364"
24344659,2025-10-01,1,461980885
24344659,2026-02-01,1,501965268
31317055,2025-08-01,1,530473790
31548210,2026-03-01,2,"153620259,329981429"
31548210,2026-01-01,4,"21837701,473877266,373804786,39274281"
31548210,2025-11-01,3,"128914515,128914515,382385"
31548210,2025-09-01,1,76137519
31548210,2025-07-01,1,47069767
31548210,2026-04-01,2,"14511432,12486328"
31548210,2026-02-01,2,"2073691,160124054"
31548210,2025-12-01,2,"50853998,657814217"
31548210,2025-10-01,1,24925902
17755172,2026-03-01,1,449016726
17755172,2025-11-01,1,477636961
17755172,2026-01-01,1,232137805
17755172,2026-04-01,1,737522819
17755172,2026-02-01,3,"500517641,735797801,145754843"
17755172,2025-06-01,1,427631538
22541913,2026-03-01,3,"4834849,35437917,408978851"
22541913,2025-09-01,2,"559378858,10156967"
22541913,2025-07-01,2,"231911110,231911110"
22541913,2026-04-01,4,"5946319,275675433,382211495,253400711"
22541913,2026-02-01,2,"267270201,230351050"
22541913,2025-10-01,3,"178746727,328110227,155146680"
22541913,2025-08-01,2,"464086943,402783737"
22541913,2025-06-01,1,229204809
30021069,2026-05-01,2,"545630847,293736252"
30021069,2026-04-01,1,666264697
30021069,2025-08-01,1,293169673
30021069,2026-01-01,1,545630847
13607007,2025-11-01,1,406085818
28943608,2026-04-01,3,"658610527,154145101,189841493"
28943608,2026-03-01,2,"499736476,151077044"
28943608,2025-07-01,1,88504642
28943608,2025-06-01,1,4764018
28943608,2025-08-01,3,"489668667,489668667,489668667"
28943608,2026-02-01,1,84243364
30904180,2026-01-01,2,"543732105,233993670"
30904180,2025-11-01,1,451042298
30904180,2025-08-01,2,"71140568,551213680"
29151554,2026-03-01,3,"260532093,425391984,116062770"
29151554,2026-01-01,1,738248724
29151554,2025-11-01,3,"589826379,675606171,64607784"
29151554,2025-09-01,1,708730643
29151554,2025-07-01,2,"42091233,396866517"
29151554,2026-02-01,1,77713244
29151554,2025-12-01,3,"237075379,504327381,126832804"
29151554,2025-10-01,1,661836832
29151554,2025-08-01,1,327168626
29151554,2025-06-01,2,"520978463,21641019"
29422956,2025-11-01,2,"466126303,174191979"
33004987,2026-03-01,3,"210162232,748769162,52353206"
33004987,2026-01-01,1,452914743
33004987,2025-11-01,3,"140882576,728637353,175273191"
33004987,2025-09-01,1,130871098
33004987,2026-04-01,1,684503339
33004987,2025-12-01,2,"467934438,92740046"
33004987,2025-10-01,2,"419702238,399313861"
24399403,2026-01-01,4,"224705516,327196246,237626209,562322424"
24399403,2025-11-01,1,725087709
24399403,2025-09-01,1,150009710
24399403,2025-07-01,1,213822683
24399403,2026-02-01,1,452531795
24399403,2025-12-01,1,271508969
24399403,2025-10-01,1,458384564
4612134,2026-05-01,1,574468529
4612134,2026-04-01,6,"35160386,55322616,240582203,55961248,317004073,407077236"
4612134,2026-03-01,1,32738623
4612134,2026-02-01,4,"459016216,440628599,50153844,553801718"
4612134,2025-07-01,2,"121414306,10935351"
4612134,2025-09-01,1,474713645
4612134,2025-08-01,2,"116170045,1482766"
4612134,2025-11-01,4,"32399696,448853590,181490864,718894689"
4612134,2025-10-01,2,"11632429,974617"
4612134,2025-12-01,3,"54584678,31204330,113909226"
4612134,2026-01-01,5,"727067161,730778911,30046204,131161269,26581417"
29948276,2026-03-01,1,31106743
29948276,2026-02-01,1,123852030
29948276,2025-12-01,1,183344910
29948276,2026-01-01,1,451767606
31945339,2026-04-01,5,"498164890,272434040,489578709,341597519,22942787"
31945339,2026-03-01,3,"2498963,144259253,85332114"
31945339,2026-02-01,4,"32739138,201420943,175991984,81613221"
31945339,2026-01-01,2,"486458625,115523922"
31945339,2025-12-01,4,"717481959,425434675,278630791,114905308"
31945339,2025-11-01,4,"214109345,165752652,19078430,242646542"
31945339,2025-10-01,7,"111220550,63351046,718911768,63351046,111002041,41343702,22546943"
31945339,2025-09-01,4,"120655265,201300387,577801059,148378332"
31945339,2025-08-01,3,"659034180,13783092,13783092"
31945339,2025-07-01,3,"42062833,521605680,141512646"
31945339,2025-06-01,6,"32245160,315137932,563310207,570749535,124545396,268536912"
31919746,2026-01-01,1,576791086
31919746,2025-10-01,1,8528618
22288229,2026-04-01,1,59892177
22288229,2026-03-01,1,82616523
22288229,2026-02-01,3,"363068370,96087034,36919578"
22288229,2026-01-01,3,"386636375,127187391,13148683"
22288229,2025-12-01,3,"121835979,287703517,197446331"
22288229,2025-11-01,3,"450488859,450488859,64778725"
22288229,2025-10-01,3,"458562080,409213646,226028304"
22288229,2025-09-01,2,"511489266,50794328"
22288229,2025-08-01,1,3372770
22288229,2025-07-01,1,662707340
22288229,2025-06-01,3,"450655603,74641535,452005976"
17386994,2025-09-01,1,542816537
17386994,2025-06-01,1,560189149
21036353,2026-03-01,5,"6453648,43318845,421812166,452827767,55032239"
21036353,2026-01-01,2,"116087511,542792403"
21036353,2025-11-01,2,"474085546,706917858"
21036353,2025-07-01,1,121791362
21036353,2026-04-01,2,"739331073,737878430"
21036353,2026-02-01,3,"7555495,78628249,715940001"
21036353,2025-12-01,2,"166330943,139659465"
21036353,2025-10-01,1,702775441
31808487,2025-07-01,2,"506701620,291045397"
31808487,2025-08-01,2,"9470861,660095508"
29164118,2025-09-01,1,260275470
29164118,2025-08-01,2,"113787093,351471600"
10540525,2025-11-01,2,"30342296,138067165"
10540525,2026-03-01,3,"110361915,293112360,150877410"
10540525,2026-01-01,1,559006142
10540525,2025-12-01,2,"97081975,309134128"
10540525,2025-10-01,2,"267788229,390291825"
29896518,2026-02-01,1,52150601
29896518,2026-03-01,1,41153669
29896518,2025-12-01,1,6347703
29896518,2025-11-01,2,"41153669,665391318"
29896518,2025-10-01,1,143664073
31303484,2026-03-01,2,"494398759,189313096"
31303484,2026-02-01,1,450165089
31303484,2026-01-01,1,387612199
31303484,2025-12-01,2,"89615639,468450265"
31303484,2025-11-01,1,724769403
31303484,2025-10-01,1,404221416
31303484,2025-07-01,1,297438510
24582727,2026-01-01,1,115708644
20705232,2025-09-01,1,144702070
20705232,2025-06-01,1,36435855
20705232,2025-12-01,2,"7943751,21870495"
20705232,2026-02-01,1,174747785
29141796,2026-05-01,1,236658806
29141796,2026-03-01,1,494616460
29141796,2026-01-01,3,"24472104,371512941,188076328"
29141796,2025-11-01,5,"164374833,182464350,19670467,490137333,312264049"
29141796,2025-09-01,2,"4570851,23273456"
29141796,2025-07-01,2,"198543277,27528189"
29141796,2026-04-01,1,17968590
29141796,2026-02-01,2,"430326489,292152929"
29141796,2025-12-01,4,"217163334,336310743,186741397,66395355"
29141796,2025-10-01,3,"344767453,2595148,9376402"
29141796,2025-08-01,3,"353174700,212920174,276859839"
29141796,2025-06-01,5,"33649205,33649205,277281821,471914792,323855426"
31866373,2025-06-01,1,494410474
32560205,2025-08-01,1,102844806
32560205,2025-07-01,1,493091984
32560205,2026-02-01,1,388373795
24464203,2026-05-01,1,671817755
24464203,2026-03-01,1,652327839
24464203,2026-01-01,2,"158166245,84903162"
24464203,2025-11-01,2,"707046230,351759047"
24464203,2025-09-01,1,658864860
24464203,2025-07-01,1,95618819
24464203,2026-04-01,1,168582351
24464203,2025-12-01,3,"728694464,464295575,676516681"
24464203,2025-10-01,1,31260521
24464203,2025-08-01,1,243213192
24464203,2025-06-01,2,"459321761,189046683"
28008376,2025-09-01,1,371142835
33507290,2025-10-01,1,90718716
33507290,2025-08-01,1,83503779
33507290,2026-03-01,1,488607366
33507290,2026-01-01,1,12625308
22266018,2025-12-01,1,133559764
22266018,2025-10-01,1,187932729
22266018,2025-09-01,1,50794328
15923986,2026-03-01,4,"198889808,257193681,100257736,47275223"
15923986,2026-01-01,3,"8604451,407809958,739042931"
15923986,2025-11-01,1,102764
15923986,2025-09-01,1,409235790
15923986,2025-07-01,1,335073891
15923986,2026-04-01,2,"485310115,18793911"
15923986,2026-02-01,1,125564797
15923986,2025-12-01,4,"407822442,671401489,439295095,108451574"
15923986,2025-06-01,2,"420821773,455238012"
6208123,2025-08-01,1,57091003
6208123,2025-07-01,1,676006644
6208123,2025-10-01,1,57091003
6208123,2025-09-01,2,"248554938,10224676"
6208123,2025-12-01,2,"890934,63076375"
6208123,2025-11-01,3,"520052534,15514944,50718442"
6208123,2026-03-01,2,"10335158,30906292"
24592030,2026-01-01,2,"488196172,336134225"
24592030,2025-09-01,1,512310990
27245194,2025-10-01,1,402046807
13790067,2025-11-01,1,77371147
28991145,2025-12-01,1,467041632
28991145,2025-11-01,1,303646924
28991145,2025-09-01,1,84208915
28991145,2026-03-01,1,110555180
28991145,2026-01-01,1,195817340
12239029,2026-04-01,3,"451053331,56871704,251697892"
12239029,2026-03-01,1,57332764
12239029,2026-01-01,1,424541804
12239029,2025-12-01,1,53541753
12239029,2025-11-01,2,"2825664,726781014"
12239029,2025-08-01,3,"34446613,126035009,384966743"
12239029,2025-07-01,1,66950822
12239029,2025-06-01,2,"151872424,499648026"
17841456,2026-03-01,4,"32807896,69832241,551188900,291552674"
17841456,2025-12-01,2,"485443851,198338"
17841456,2025-11-01,1,132226710
17841456,2025-09-01,1,315579663
17841456,2025-07-01,1,402096512
17841456,2026-01-01,3,"76483167,390291825,161527156"
21716101,2026-01-01,1,671994989
21716101,2025-12-01,1,262248963
21716101,2025-08-01,1,181673879
21817589,2026-03-01,3,"21216577,10579690,127246378"
21817589,2025-07-01,3,"398542886,459753345,273850131"
21817589,2025-11-01,2,"552376435,418304680"
21817589,2025-09-01,4,"308404757,273719592,68492513,369319484"
21817589,2026-01-01,2,"28021878,382193136"
21817589,2025-10-01,3,"555638264,289263796,57102079"
21817589,2026-04-01,1,13576431
21817589,2025-06-01,2,"229204809,212183470"
21817589,2025-08-01,2,"242129254,467736665"
25090374,2026-03-01,3,"8921651,104709037,228024094"
25090374,2026-01-01,1,169993603
25090374,2025-11-01,2,"218099852,375085817"
25090374,2025-09-01,3,"96921055,192798328,10576776"
25090374,2025-07-01,1,688350080
25090374,2026-04-01,1,95171940
25090374,2026-02-01,2,"246841308,95327150"
25090374,2025-12-01,4,"53368882,42239754,129261021,535742031"
25090374,2025-10-01,2,"433250274,307884664"
25090374,2025-06-01,2,"14309336,133301825"
21671494,2026-03-01,2,"189224641,408978851"
21671494,2025-09-01,3,"142306820,21525561,21525561"
21671494,2025-07-01,1,68645919
21671494,2025-11-01,2,"21525561,21525561"
21671494,2026-01-01,3,"714650992,557617597,90227512"
21671494,2026-02-01,3,"484195494,743168780,403700915"
21671494,2025-12-01,2,"484195494,556885817"
27535687,2025-11-01,2,"294079266,465020207"
17423217,2025-11-01,1,57309759
17423217,2025-12-01,1,685311928
17423217,2026-03-01,2,"138259432,553471987"
29316127,2026-03-01,5,"2687490,131514499,3294732,32153902,67489816"
29316127,2025-07-01,3,"101306137,593908769,73660792"
29316127,2025-09-01,2,"52045743,1715058"
29316127,2025-11-01,6,"104884834,301139959,56722109,214767491,33840052,182970252"
29316127,2026-01-01,4,"729238404,132784316,494285853,104977667"
29316127,2026-04-01,4,"285918656,53219732,22126675,263236277"
29316127,2026-02-01,1,547480527
29316127,2025-06-01,4,"15491587,459443956,96238751,131970636"
29316127,2025-12-01,3,"89175676,115189,26380960"
29316127,2025-10-01,6,"12878932,215756119,596510561,53954423,45730207,396929787"
29316127,2025-08-01,1,482103086
22440323,2025-11-01,1,664528268
22440323,2025-09-01,1,704060279
31896934,2026-01-01,1,180329877
31896934,2025-12-01,2,"26675679,673670138"
31896934,2025-10-01,1,542210206
31896934,2025-09-01,1,28586430
31896934,2025-07-01,1,703180913
5842921,2026-03-01,5,"49104075,416432934,170715319,287043472,455828588"
5842921,2025-11-01,3,"354203262,469012372,233205908"
5842921,2025-07-01,5,"226240227,222378789,659297052,211785524,151949821"
5842921,2026-02-01,8,"580577561,53923654,80878256,174400452,350518027,315154793,12230262,350518027"
5842921,2025-06-01,3,"575804160,156644308,25476732"
5842921,2026-01-01,6,"32018474,484994963,545807259,596395894,570508802,97045769"
5842921,2025-09-01,6,"122433310,599293339,449396059,490072851,53436518,215922666"
5842921,2026-04-01,2,"62084872,425840845"
5842921,2025-12-01,5,"17679946,334319062,38163771,163078298,65799896"
5842921,2025-08-01,5,"114791982,50305219,218358084,55274226,425533620"
20905047,2026-05-01,1,753789932
20905047,2026-01-01,1,709501899
20905047,2025-06-01,1,422010428
26555806,2026-03-01,4,"307087177,432987330,190028489,288763315"
26555806,2026-01-01,2,"270787199,98861417"
26555806,2025-11-01,3,"66010039,149794704,322171943"
26555806,2025-09-01,2,"174679574,687364771"
26555806,2026-04-01,3,"2578810,28214379,2064494"
26555806,2026-02-01,1,133778167
26555806,2025-12-01,5,"36876321,510752232,44212402,12247250,410841187"
26555806,2025-10-01,2,"59073889,551431989"
26555806,2025-08-01,2,"9426325,182965904"
26555806,2025-06-01,4,"16597908,50174686,87435942,2741253"
29042007,2025-09-01,1,123932817
25902967,2025-07-01,1,268368079
29169779,2026-05-01,2,"596444624,311404854"
29169779,2026-03-01,5,"712289653,27550425,132745866,379827212,20521409"
29169779,2025-07-01,3,"666104900,562608883,552762826"
29169779,2025-09-01,2,"582428674,408306679"
29169779,2025-11-01,4,"30941355,531549894,467522113,726167752"
29169779,2026-01-01,4,"439110711,376917046,400879564,261037006"
29169779,2026-04-01,6,"405725793,437778402,183225434,441682842,401197040,132508318"
29169779,2026-02-01,5,"132413749,43560868,548318909,470896300,553714537"
29169779,2025-06-01,2,"411385960,502708570"
29169779,2025-08-01,1,105819221
29169779,2025-10-01,3,"169315281,338318383,391552542"
29169779,2025-12-01,4,"525623877,299220409,214875088,44687948"
33869689,2026-03-01,1,528295281
33869689,2026-01-01,1,724189356
20645822,2025-11-01,1,100602996
20645822,2026-02-01,1,726922252
20645822,2026-01-01,1,168200298
20645822,2025-06-01,1,454964314
20608904,2025-07-01,1,552458685
20608904,2025-10-01,1,50486848
20608904,2025-11-01,1,150273704
20608904,2025-06-01,1,222812140
32246651,2026-03-01,1,60865489
32246651,2025-11-01,2,"726081472,402211838"
32246651,2025-10-01,1,651926967
32246651,2025-09-01,1,694588991
32127384,2026-03-01,4,"15491587,189873943,554504806,15491587"
32127384,2025-11-01,4,"313579664,531027706,392043244,8503877"
32127384,2025-09-01,2,"225253906,420665059"
32127384,2026-01-01,5,"452213079,502915019,448055807,324366915,87340448"
32127384,2026-04-01,4,"71431015,425352310,539354182,23732341"
32127384,2026-02-01,3,"159035800,584358700,303117980"
32127384,2025-12-01,2,"680073521,353075951"
32127384,2025-10-01,2,"213442255,208772105"
32127384,2025-08-01,1,257517703
32127384,2025-06-01,1,113922636
32931420,2025-12-01,2,"250778205,397166400"
32931420,2025-11-01,3,"599350251,541232973,160588927"
32931420,2025-10-01,1,565464282
32931420,2025-09-01,4,"701563692,378482287,265836301,404221416"
32931420,2025-08-01,1,129103014
32931420,2025-07-01,3,"510740370,520693566,98110861"
32931420,2025-06-01,3,"174817784,250291124,109184738"
31454055,2026-03-01,3,"525207423,198027557,21785919"
31454055,2026-01-01,3,"37269275,720165372,313127284"
31454055,2025-11-01,5,"86993545,75998457,55741167,531241461,246911549"
31454055,2025-09-01,4,"419391418,253689620,551966323,354624330"
31454055,2026-04-01,2,"440335601,51264303"
31454055,2026-02-01,2,"83233754,185079340"
31454055,2025-12-01,1,55225820
31454055,2025-10-01,1,128943653
31454055,2025-08-01,2,"247565972,119182300"
31454055,2025-06-01,1,130359608
23792456,2025-09-01,1,155085855
23792456,2025-07-01,3,"120908169,146621457,54829913"
23792456,2026-02-01,3,"403853239,281639651,344948464"
23792456,2025-10-01,1,297852756
23792456,2025-08-01,3,"250575121,470361511,78394771"
23792456,2025-06-01,2,"359977408,500261439"
32672555,2025-07-01,1,157041457
28392093,2026-03-01,4,"39461301,38130276,363299843,635262"
28392093,2025-11-01,2,"9335680,29766006"
28392093,2026-01-01,3,"163695113,123711443,97202945"
28392093,2026-04-01,2,"57752418,746558891"
28392093,2026-02-01,2,"248745658,635262"
28392093,2025-10-01,1,666670015
28392093,2025-08-01,1,115600149
28392093,2025-12-01,1,6734802
28392093,2025-06-01,1,138636818
13303070,2025-09-01,1,375575195
13303070,2025-08-01,1,407806254
23439149,2026-02-01,1,252588147
23439149,2025-06-01,1,695156666
24218923,2025-09-01,1,347327456
30838090,2026-03-01,1,216759121
30838090,2026-01-01,2,"450748123,450493459"
30838090,2025-11-01,1,63339832
30838090,2025-09-01,1,278873630
30838090,2026-02-01,1,696515638
30838090,2025-12-01,1,24564139
30838090,2025-10-01,2,"228478023,37038241"
26908167,2025-11-01,1,152222764
26908167,2025-12-01,1,650845813
26908167,2025-10-01,1,302893507
26908167,2025-08-01,1,37673059
31033627,2026-03-01,3,"36380477,248668328,485805746"
31033627,2025-11-01,2,"122563664,50770614"
31033627,2025-09-01,3,"445571499,153850591,42468856"
31033627,2025-07-01,2,"72422081,218148163"
31033627,2026-01-01,2,"126701586,139743156"
31033627,2026-04-01,2,"108273957,720700531"
31033627,2026-02-01,2,"208285596,12171810"
31033627,2025-10-01,1,3213244
22783663,2025-11-01,1,728074865
22783663,2025-06-01,1,384387018
22783663,2026-04-01,1,441250646
22362673,2026-03-01,1,212905906
22362673,2025-11-01,1,727053908
22362673,2025-09-01,2,"571893986,98844007"
22362673,2025-07-01,2,"126532635,75901076"
22362673,2026-01-01,1,222452276
22362673,2026-04-01,4,"133150817,542651654,564551263,742281794"
22362673,2026-02-01,1,520952576
22362673,2025-12-01,1,25234257
22362673,2025-08-01,1,6961872
22362673,2025-06-01,2,"347437276,264674932"
18660009,2026-02-01,1,746948313
18660009,2026-03-01,2,"335325595,368486778"
18660009,2025-08-01,1,438775213
22204934,2025-12-01,3,"24537542,380405531,302900449"
22204934,2025-10-01,1,136811654
22204934,2026-05-01,1,553310346
22204934,2026-03-01,2,"202876724,718131306"
21711477,2025-09-01,1,562119601
21711477,2025-06-01,1,671751545
29191158,2026-03-01,1,129410751
29191158,2025-12-01,1,140991325
29191158,2025-10-01,1,540131774
29191158,2025-08-01,1,502215731
29191158,2025-07-01,1,524481788
29191158,2025-06-01,3,"273810925,401040069,168134503"
31049768,2025-06-01,1,148001403
31049768,2026-01-01,1,568786136
29520177,2026-05-01,1,654057290
29520177,2026-03-01,5,"282263648,25605319,413921234,324849554,25605319"
29520177,2026-01-01,1,16104025
29520177,2025-11-01,3,"45715205,724965228,546830280"
29520177,2026-04-01,3,"512447839,25605319,14187509"
29520177,2026-02-01,1,3444402
29520177,2025-12-01,2,"315822087,26171663"
29520177,2025-08-01,1,7283853
29520177,2025-06-01,1,301394145
33864981,2025-10-01,1,718601676
33864981,2025-09-01,1,33527987
33864981,2026-03-01,2,"95060828,106675493"
33864981,2026-02-01,3,"709566806,372390947,87423610"
33864981,2026-01-01,1,352059819
31378534,2026-04-01,2,"504985656,63654206"
31378534,2026-03-01,4,"23545070,728057468,349249437,716076743"
31378534,2025-11-01,2,"167545390,25532770"
31378534,2025-10-01,1,7263515
31378534,2025-08-01,3,"169081063,580303807,586424085"
31378534,2025-06-01,1,467427793
34050367,2026-03-01,4,"102236839,740736773,696468494,24345296"
34050367,2026-01-01,1,22457346
34050367,2025-11-01,2,"440133458,550847088"
34050367,2026-02-01,4,"459307391,374035857,568685681,193197990"
34050367,2025-12-01,3,"598588155,428530968,582233805"
34050367,2025-10-01,2,"511185129,657753793"
34050367,2025-06-01,1,459337687
33053354,2026-03-01,4,"94351329,516009488,468487523,25736474"
33053354,2026-01-01,2,"189396487,462221215"
33053354,2025-11-01,2,"81868228,167492235"
33053354,2025-09-01,1,465054313
33053354,2026-04-01,3,"149831643,107614814,255255778"
33053354,2026-02-01,1,492754571
33053354,2025-12-01,2,"52312420,72790606"
33053354,2025-10-01,1,339476980
33053354,2025-08-01,1,336333495
33053354,2025-06-01,1,514626496
31141501,2026-04-01,1,331156514
31141501,2026-03-01,4,"187145956,29471437,138298231,348870796"
31141501,2026-02-01,4,"146089396,36422115,18259954,525413212"
31141501,2026-01-01,3,"399496725,587584320,27701019"
31141501,2025-12-01,1,51704084
31141501,2025-11-01,1,391107312
31141501,2025-10-01,1,562890881
31141501,2025-09-01,1,425575567
31141501,2025-08-01,2,"375169905,437832869"
31141501,2025-07-01,1,511606029
31141501,2025-06-01,1,436143575
33482780,2025-12-01,1,253256125
33482780,2025-10-01,1,445397176
33482780,2026-03-01,3,"748008875,409055863,127845131"
33482780,2026-02-01,1,131712544
33482780,2026-01-01,1,70911105
33482780,2025-11-01,1,16148116
22864234,2025-11-01,1,51203254
19682586,2026-05-01,2,"308311225,305850491"
19682586,2026-03-01,2,"40629553,72373165"
19682586,2026-01-01,2,"42756960,87340448"
19682586,2025-11-01,2,"264438632,323551542"
19682586,2025-09-01,1,460014002
19682586,2026-04-01,2,"371937503,1321426"
19682586,2026-02-01,1,465693359
19682586,2025-12-01,1,16488381
19682586,2025-06-01,1,39767054
21703825,2026-04-01,1,345821677
21703825,2026-03-01,1,76627383
21703825,2025-09-01,1,343859669
21703825,2025-08-01,1,288799764
21703825,2025-07-01,1,266422446
30001502,2026-05-01,1,577919806
30001502,2026-03-01,5,"378360302,751692174,682499917,119287897,538817000"
30001502,2025-09-01,1,45456374
30001502,2025-11-01,5,"550779196,242185531,256285800,132367572,499452196"
30001502,2026-01-01,3,"61967457,3102736,244471249"
30001502,2026-04-01,2,"478254933,228894694"
30001502,2025-12-01,3,"454772930,574320534,217168121"
30001502,2026-02-01,2,"272780237,309662123"
30001502,2025-08-01,1,310572306
30001502,2025-06-01,1,487405043
30001502,2025-10-01,1,126899791
29136376,2026-03-01,1,75577527
29136376,2026-01-01,1,23121419
29136376,2025-11-01,1,2492290
29136376,2025-07-01,1,109910427
29136376,2025-08-01,1,97831395
20019831,2026-03-01,3,"6346319,382789752,748560936"
20019831,2026-01-01,2,"159415688,580996815"
20019831,2025-11-01,1,455631203
20019831,2025-09-01,1,655272887
20019831,2025-07-01,1,162663903
20019831,2026-04-01,3,"89264597,592148485,491599335"
20019831,2026-02-01,1,178199811
20019831,2025-12-01,1,168597051
20019831,2025-10-01,2,"655272887,717977881"
20019831,2025-08-01,1,326981463
20019831,2025-06-01,1,508203952
13690650,2025-07-01,1,353087149
13690650,2025-06-01,1,490292674
13690650,2025-11-01,1,716991867
13690650,2025-10-01,1,38019494
13690650,2025-12-01,2,"24740590,237979276"
13690650,2026-02-01,1,57689391
22441935,2026-03-01,3,"479706409,354635686,116776713"
22441935,2026-01-01,2,"186187243,251854251"
22441935,2025-11-01,8,"473725273,441125582,446770054,131326994,484702074,713118710,129205667,8617359"
22441935,2025-09-01,1,557568422
22441935,2025-07-01,4,"3443287,183753036,272027694,137173209"
22441935,2026-04-01,5,"540497307,481401740,750106951,726489863,155901416"
22441935,2026-02-01,3,"439748116,439748116,247338754"
22441935,2025-12-01,5,"40547965,546742167,655944677,717456641,733526110"
22441935,2025-10-01,2,"213655358,234729553"
22441935,2025-08-01,1,22362589
22441935,2025-06-01,3,"330878603,116721844,10154590"
25041166,2026-01-01,1,486011042
25041166,2025-11-01,1,718439972
25041166,2025-06-01,1,685731082
15889901,2025-07-01,1,681018045
16520708,2026-05-01,1,56842239
16520708,2025-11-01,3,"161256172,153970993,63938526"
16520708,2025-09-01,2,"61364862,143044549"
16520708,2025-07-01,1,446796630
16520708,2026-04-01,2,"584027,8679675"
16520708,2025-12-01,2,"21685118,191491731"
16520708,2025-10-01,4,"305422807,193660619,191425396,1426807"
30112577,2026-02-01,2,"295023191,114166284"
30112577,2026-03-01,1,738359106
30112577,2025-12-01,3,"310599725,303891954,114161553"
13452528,2025-12-01,1,48796491
13452528,2025-11-01,1,183989848
13452528,2025-10-01,1,20280198
13452528,2025-09-01,1,47836353
13452528,2025-08-01,1,542542128
13452528,2025-07-01,1,340773401
13452528,2025-06-01,1,393310595
21416365,2025-10-01,1,689901635
21416365,2025-08-01,1,711148879
21416365,2025-07-01,1,446886565
29862829,2026-03-01,1,238564255
29862829,2025-12-01,2,"326954078,211264870"
29862829,2025-10-01,1,92484279
29862829,2025-07-01,1,7430644
29862829,2025-06-01,2,"206378393,22225999"
28259231,2026-04-01,2,"14450340,244843850"
28259231,2026-03-01,3,"1505506,28019727,243773038"
28259231,2026-02-01,1,117394145
28259231,2026-01-01,2,"225130101,22163630"
28259231,2025-12-01,2,"99957182,722549454"
28259231,2025-11-01,2,"22163630,199596571"
28259231,2025-10-01,3,"103440798,14693209,676576239"
28259231,2025-08-01,1,409072570
28259231,2025-07-01,1,41415989
30261265,2025-07-01,1,399527249
30261265,2026-03-01,4,"24484659,246710433,92752979,119852321"
30261265,2025-09-01,2,"462271909,479172077"
30261265,2025-11-01,1,549135570
30261265,2026-01-01,6,"372668493,218148163,159560381,218148163,35436780,52327770"
30261265,2025-08-01,1,501738334
30261265,2025-06-01,1,198033964
30261265,2026-04-01,2,"47033918,660847009"
30261265,2026-02-01,1,48428428
30261265,2025-10-01,1,481687182
28424120,2026-03-01,3,"36859468,13016637,182575868"
28424120,2026-01-01,2,"55867412,3424740"
28424120,2026-04-01,1,22602445
28424120,2026-02-01,2,"204919841,165037843"
28424120,2025-12-01,1,56281706
28424120,2025-10-01,2,"354122188,292340023"
28424120,2025-08-01,1,120374156
20687261,2025-12-01,1,397423
20687261,2025-11-01,1,146166484
25649856,2026-04-01,1,362852127
25649856,2025-12-01,3,"4246703,430124163,3605569"
25649856,2025-11-01,1,134868106
25649856,2025-10-01,2,"299290727,212981102"
25649856,2025-09-01,1,162831404
25649856,2025-06-01,1,491002576
28991805,2026-04-01,1,584659097
28991805,2025-10-01,1,696303604
30000600,2026-03-01,6,"114024748,469637642,213933891,748824427,512359307,458684156"
30000600,2026-01-01,7,"62725995,31117211,481067492,68713921,210591251,55417479,226833194"
30000600,2025-11-01,5,"5647649,101234151,417293968,25830365,364864349"
30000600,2025-09-01,2,"343167851,36217900"
30000600,2025-07-01,1,121736434
30000600,2026-04-01,3,"41802344,246936980,539368948"
30000600,2026-02-01,1,130091785
30000600,2025-12-01,4,"356139303,506016001,454355586,11053008"
30000600,2025-10-01,1,459560274
30000600,2025-08-01,4,"504731246,102856546,216980727,239619196"
30000600,2025-06-01,1,511892122
26892483,2025-11-01,4,"516458340,487939377,259505263,3707229"
26892483,2025-09-01,2,"2831020,7714421"
26892483,2025-10-01,3,"130681344,49456483,4488787"
26892483,2025-08-01,2,"64108792,102689654"
26892483,2025-06-01,2,"70341348,153583452"
32847325,2026-03-01,4,"706419103,139656429,475706111,24843767"
32847325,2025-11-01,3,"514976170,21179374,540697712"
32847325,2025-09-01,2,"14325378,496784507"
32847325,2025-12-01,1,683258456
32847325,2025-10-01,1,466374523
32847325,2025-08-01,2,"147552022,146719026"
32847325,2025-06-01,2,"495140130,107358925"
31227957,2025-12-01,2,"64620038,147671035"
31227957,2025-11-01,1,557139664
31227957,2025-10-01,1,252574815
31227957,2025-06-01,1,534258105
33782591,2025-06-01,2,"700435574,305709285"
11118950,2026-04-01,1,599408346
11118950,2026-03-01,1,457722838
11118950,2026-01-01,1,55248159
11118950,2025-11-01,1,28941558
11118950,2025-10-01,1,3408469
21807270,2026-03-01,3,"179942833,508947154,171121246"
21807270,2025-11-01,3,"185695193,437487184,372676802"
21807270,2025-09-01,2,"575033889,503067962"
21807270,2026-01-01,2,"35524788,212987310"
21807270,2026-04-01,2,"24938622,117549077"
21807270,2026-02-01,1,697599485
21807270,2025-12-01,1,473858737
21807270,2025-10-01,1,289263796
21807270,2025-08-01,1,326370030
11350161,2026-01-01,1,175159937
30619797,2025-06-01,1,59725061
30619797,2025-09-01,1,157743537
30619797,2025-08-01,1,108125779
30619797,2025-10-01,1,308532655
30619797,2026-02-01,1,13343883
33541551,2025-08-01,1,105867872
33541551,2025-06-01,1,687486232
22350458,2025-07-01,2,"35453712,253132055"
22350458,2025-09-01,1,451589036
22350458,2026-01-01,1,144496171
22350458,2026-04-01,1,330324439
22350458,2026-02-01,1,489740452
22350458,2025-08-01,1,108367833
22801595,2026-03-01,1,432169995
22801595,2026-02-01,1,186275772
22801595,2026-01-01,1,37317382
22801595,2025-12-01,2,"57098534,731151303"
22801595,2025-11-01,1,89166628
22801595,2025-10-01,1,39914058
22801595,2025-08-01,1,704860459
22801595,2025-06-01,2,"191579035,321057336"
29343891,2026-05-01,1,213253993
29343891,2026-03-01,5,"25035779,115202128,49908127,174254343,340403125"
29343891,2025-07-01,3,"230491769,51582514,484510336"
29343891,2025-11-01,5,"702877015,239255507,50848104,80471798,43057187"
29343891,2025-09-01,4,"120568527,336121874,1662660,244191258"
29343891,2026-01-01,4,"542818146,42083005,65640182,717456985"
29343891,2026-04-01,1,12474723
29343891,2026-02-01,2,"709201896,248089227"
29343891,2025-12-01,5,"110239566,93359208,12684726,262021934,140313454"
29343891,2025-10-01,4,"194659468,27014921,140498976,217915291"
29343891,2025-08-01,5,"59742662,689095534,428226080,424331272,178564750"
29343891,2025-06-01,1,18805394
31501235,2025-07-01,1,344895635
24358564,2025-09-01,1,482963874
24358564,2026-05-01,1,557018156
24358564,2026-03-01,1,214397504
24358564,2025-11-01,1,511961112
24358564,2026-01-01,2,"380850048,239562133"
24358564,2025-10-01,1,124573393
24358564,2026-04-01,3,"511031153,695479774,245524086"
24358564,2026-02-01,3,"471596683,511323265,140089512"
24358564,2025-12-01,1,301678395
24358564,2025-08-01,2,"514884080,127036495"
29995408,2026-05-01,1,675422919
29995408,2026-03-01,5,"502060987,560870380,58782677,114253611,661107955"
29995408,2025-07-01,1,534124026
29995408,2025-11-01,5,"135085017,476357050,345754894,498225087,128091299"
29995408,2026-01-01,2,"407846474,679902734"
29995408,2026-04-01,1,694262485
29995408,2026-02-01,3,"479875438,112728911,328430517"
29995408,2025-10-01,3,"536122684,260532093,462860000"
29995408,2025-12-01,4,"132367572,304222120,725641851,168514472"
31139404,2026-03-01,4,"126497185,340775782,426034974,275936930"
31139404,2026-01-01,4,"414279178,567017350,48524563,693658454"
31139404,2025-11-01,5,"33500120,216695707,2976590,25098738,550991851"
31139404,2026-04-01,4,"363463127,63262322,21838965,46210448"
31139404,2026-02-01,4,"715353236,140246218,465039996,734834675"
31139404,2025-12-01,4,"170723881,31311237,137726156,195472019"
31139404,2025-10-01,6,"72244797,62998355,10712294,373199550,46662971,369352546"
31139404,2025-08-01,2,"219462120,457561356"
13790280,2025-11-01,1,30456872
13790280,2026-03-01,1,731503658
13790280,2026-01-01,2,"28582984,62405179"
25213197,2026-03-01,1,490406899
25213197,2026-02-01,2,"405910920,130778282"
25213197,2026-01-01,1,151858781
25213197,2025-11-01,1,1334419
25213197,2025-09-01,2,"715449520,462512738"
25213197,2025-06-01,1,129248790
24398643,2026-04-01,1,69936548
24398643,2026-03-01,2,"697117432,194838414"
24398643,2025-10-01,1,216102056
24398643,2025-11-01,1,3994714
24398643,2026-01-01,2,"521360382,111090715"
31036095,2026-03-01,1,142601793
31036095,2026-05-01,1,192627634
31036095,2025-07-01,1,120859879
31036095,2025-06-01,1,123593705
31616640,2026-04-01,3,"119046412,376742271,52678712"
31616640,2026-03-01,4,"413939400,490554599,516939371,651622132"
31616640,2026-02-01,5,"65116988,9693047,93475285,13822723,180480798"
31616640,2026-01-01,2,"114126158,39836998"
31616640,2025-12-01,8,"291728047,198782895,184215581,5638675,114905308,262367841,486458625,205414"
31616640,2025-11-01,4,"281777851,13904539,524647776,94863876"
31616640,2025-10-01,3,"452201729,550213343,120049130"
31616640,2025-09-01,2,"413200397,403554352"
31616640,2025-08-01,1,25013863
31616640,2025-07-01,1,349711560
17820187,2026-01-01,1,59200110
17820187,2025-11-01,3,"499011367,336779407,47813058"
17820187,2025-12-01,3,"251252139,384767646,173047115"
21674577,2025-09-01,1,546339195
13608906,2026-04-01,1,270538556
13608906,2026-03-01,1,102859163
13608906,2026-01-01,3,"261245466,340021876,583302665"
13608906,2025-09-01,3,"106985735,582662035,149854268"
13608906,2025-08-01,2,"569484953,305422807"
13608906,2025-07-01,1,193143379
30382786,2025-12-01,1,65433130
30382786,2025-11-01,1,7786458
26122376,2026-03-01,1,718577847
26122376,2026-02-01,1,16964211
26122376,2025-12-01,1,520348203
26122376,2025-09-01,2,"56590374,103848648"
30728572,2025-09-01,1,218148163
30728572,2025-06-01,1,218148163
22595901,2026-03-01,1,215320363
22595901,2025-12-01,1,447520871
22595901,2025-11-01,2,"185695193,87152411"
22595901,2025-09-01,1,173955174
22595901,2025-06-01,1,464858126
29233484,2025-11-01,1,119465079
29233484,2025-09-01,1,211441876
29233484,2025-10-01,1,4760342
29233484,2025-06-01,2,"558228874,460877656"
8076191,2026-04-01,1,696401690
8076191,2026-03-01,1,517639451
8076191,2026-01-01,1,82243616
8076191,2025-11-01,1,302096318
8076191,2025-07-01,1,81628344
27919165,2026-03-01,1,266944680
27919165,2025-11-01,2,"515011649,544552573"
27919165,2026-01-01,1,187601026
27919165,2025-09-01,1,588093108
27919165,2025-12-01,1,17617634
27919165,2026-04-01,3,"210111793,528959827,386968366"
27919165,2025-10-01,3,"31998901,174593579,148130364"
19939687,2026-03-01,2,"352668045,353203505"
19939687,2026-01-01,1,289828719
19939687,2025-07-01,1,302681299
19939687,2025-06-01,1,164518939
19939687,2025-12-01,1,665455111
19939687,2025-08-01,1,514397480
19939687,2026-04-01,1,105545465
14045949,2026-01-01,1,16964211
14045949,2025-12-01,2,"86601797,188314956"
14045949,2025-10-01,2,"37301151,37301151"
33915151,2026-03-01,3,"752624933,90214147,93178819"
28554355,2026-03-01,7,"191407715,77736949,2341862,213615132,449323375,280155158,426660258"
28554355,2026-01-01,6,"196653191,189054106,372718820,83491141,66857829,131090590"
28554355,2025-11-01,2,"45934016,16025795"
28554355,2025-09-01,1,284653589
28554355,2025-07-01,1,383759024
28554355,2026-04-01,5,"528608303,94263369,74208198,190575474,27091835"
28554355,2026-02-01,2,"31133694,190956218"
28554355,2025-12-01,5,"231032174,588024184,141627467,71935897,2090669"
28554355,2025-10-01,3,"106306273,171456276,84210820"
28554355,2025-08-01,3,"385867945,190456192,439047415"
28554355,2025-06-01,3,"555948869,10560608,52361437"
31968619,2026-04-01,2,"235052924,550023469"
31968619,2026-03-01,4,"553497642,475430923,43158709,490543681"
31968619,2026-02-01,4,"171403818,576646578,699811593,249902430"
31968619,2026-01-01,5,"436120397,13822723,524765497,58194299,25794319"
31968619,2025-12-01,6,"425001893,525183053,182061614,721992136,322879685,198121661"
31968619,2025-11-01,3,"341879720,181029026,456070006"
31968619,2025-10-01,3,"268565669,113074433,692902678"
31968619,2025-09-01,2,"89594302,233057562"
31968619,2025-08-01,8,"54421373,232150270,42585428,429740970,10709201,479006375,527199429,707588996"
31968619,2025-07-01,4,"105055600,565755003,245353714,141512646"
31968619,2025-06-01,3,"450391465,58930484,519903677"
30723917,2025-07-01,4,"172066785,569114207,227226312,281044123"
30723917,2025-09-01,4,"405119259,455001365,388002524,205730800"
30723917,2025-11-01,5,"462338409,131223347,175867010,5423348,10741861"
30723917,2026-01-01,3,"118986918,418516497,340568583"
30723917,2025-06-01,6,"371065948,586895683,100240688,449335353,685068519,367583135"
30723917,2025-08-01,4,"500130522,362138084,501576264,87262350"
30723917,2025-10-01,4,"271428846,483080625,294300915,153475654"
30723917,2025-12-01,6,"267414006,56449937,261027276,725800097,511460481,126832804"
29995013,2026-05-01,2,"84938924,192997439"
29995013,2026-03-01,4,"380468852,709864550,516902148,162072311"
29995013,2025-09-01,1,418790265
29995013,2025-11-01,4,"110012082,17158836,475999162,475999162"
29995013,2026-01-01,3,"590598240,115528417,145200473"
29995013,2026-04-01,4,"480566662,124023550,133779757,748434742"
29995013,2026-02-01,3,"461244557,91994953,730632183"
29995013,2025-06-01,2,"461039573,314966087"
29995013,2025-08-01,3,"45344171,329200286,327960603"
29995013,2025-10-01,2,"134314359,466860561"
29995013,2025-12-01,4,"132367572,489533262,311680225,455008544"
17966428,2025-12-01,1,96705898
17966428,2025-11-01,1,719836197
30699765,2025-11-01,3,"482719991,67809058,247518964"
30699765,2025-09-01,2,"410932819,256149275"
30699765,2025-07-01,1,94951656
30699765,2025-10-01,2,"25711409,318341780"
30699765,2025-08-01,3,"18858426,84031789,55958010"
30699765,2025-06-01,3,"365070871,100240688,153172527"
31164213,2025-06-01,1,415338447
31164213,2025-08-01,1,462271909
31164213,2026-04-01,1,431734394
33606973,2025-12-01,3,"100996606,565174727,687197250"
33606973,2025-11-01,1,508506977
33606973,2025-09-01,1,73061263
33606973,2025-08-01,1,439160063
33606973,2025-06-01,1,660354735
15809620,2025-07-01,1,389811714
28242665,2025-06-01,1,41538265
28242665,2026-02-01,1,107372476
31078507,2026-04-01,1,500694479
31078507,2026-03-01,1,500694479
31078507,2026-02-01,1,348267421
31078507,2025-09-01,4,"677271705,677271705,209309926,209309926"
6909493,2025-07-01,1,362615521
32192740,2026-04-01,1,729058431
32192740,2025-12-01,1,8787437
32192740,2025-11-01,1,23573470
32192740,2025-10-01,2,"525886397,723520325"
32192740,2025-09-01,1,74080942
32192740,2025-07-01,3,"478804578,465053432,381686173"
32192740,2025-06-01,2,"510238984,96482106"
19884490,2026-04-01,1,691990998
19884490,2026-01-01,1,547797710
19884490,2025-11-01,2,"655340591,590324886"
19884490,2025-10-01,2,"553077239,76127494"
19884490,2025-09-01,1,97333458
19884490,2025-08-01,1,349376290
19884490,2025-07-01,1,148591153
19884490,2025-06-01,1,343859669
28043542,2026-03-01,1,741378200
28043542,2026-01-01,3,"149642380,70152851,514204865"
28043542,2025-11-01,1,497358355
28043542,2025-07-01,1,463932737
28043542,2026-04-01,2,"146102137,701764347"
28043542,2026-02-01,3,"246422466,339841881,88485512"
28043542,2025-12-01,1,569004064
28043542,2025-10-01,1,290701258
23587101,2025-09-01,1,244626820
23587101,2025-07-01,2,"533711037,480002860"
23587101,2025-11-01,3,"279033996,475639843,348474215"
23587101,2026-03-01,3,"685823314,134023224,666315230"
23587101,2025-12-01,3,"713967246,70042208,66868606"
23587101,2025-10-01,2,"706669083,208832869"
23587101,2025-06-01,2,"533904916,373717302"
21029381,2026-03-01,1,176526566
21029381,2026-01-01,2,"304410197,167210865"
21029381,2025-12-01,1,431101011
21029381,2025-11-01,1,68533184
21029381,2025-07-01,1,184386790
7042426,2025-12-01,1,144196406
7042426,2025-08-01,1,144196406
7042426,2025-06-01,1,184591946
19895702,2026-05-01,1,727643486
19895702,2026-04-01,2,"537045659,22591732"
19895702,2026-03-01,2,"520236826,158491034"
19895702,2025-12-01,1,472006743
19895702,2025-10-01,2,"58614000,500428831"
19895702,2025-07-01,1,352299583
16335934,2026-01-01,1,94245340
16335934,2025-11-01,1,57824510
16335934,2026-02-01,1,425776343
16335934,2025-12-01,2,"26396779,716138157"
16335934,2025-06-01,1,566342645
17685694,2026-03-01,2,"533719734,116776713"
17685694,2026-01-01,1,517009010
17685694,2025-10-01,1,716856455
17685694,2025-09-01,1,69030973
17685694,2025-08-01,2,"706746315,654389438"
14452396,2026-04-01,1,241331806
14452396,2026-03-01,1,187816623
14452396,2026-02-01,1,62409195
14452396,2026-01-01,2,"456275390,283116204"
14452396,2025-12-01,1,420753157
14452396,2025-11-01,1,446436076
14452396,2025-10-01,1,122686949
24610985,2026-04-01,1,329832362
24610985,2026-03-01,2,"76349889,139844061"
24610985,2026-01-01,2,"180329877,75033030"
24610985,2025-12-01,2,"494734555,728485738"
24610985,2025-11-01,2,"95922452,582832718"
24610985,2025-09-01,1,713801342
31075999,2026-05-01,2,"464054423,677132873"
31075999,2026-04-01,1,110725074
31075999,2026-03-01,2,"104498672,161134358"
31075999,2026-02-01,2,"256109332,6295617"
31075999,2026-01-01,1,738636036
31075999,2025-12-01,1,11618920
31075999,2025-11-01,3,"187584901,575976601,2234725"
31075999,2025-10-01,2,"206964903,1388225"
31075999,2025-09-01,2,"179681917,487635729"
31075999,2025-07-01,1,217186607
31075999,2025-06-01,1,42402033
30929823,2026-05-01,1,491331874
30929823,2026-03-01,1,693713979
30929823,2026-01-01,3,"407809958,422767096,422767096"
30929823,2025-07-01,3,"447349679,359116381,487456868"
30929823,2026-04-01,3,"743886617,166322358,512198243"
30929823,2026-02-01,2,"84248210,172004330"
30929823,2025-12-01,1,538714147
30929823,2025-10-01,2,"75923415,495580188"
30929823,2025-08-01,1,682857637
33979380,2025-12-01,1,294417535
33979380,2026-01-01,1,39479596
30353028,2025-11-01,1,178247730
30353028,2025-10-01,1,701976264
30353028,2025-09-01,1,209309926
27695562,2026-01-01,1,304360404
27695562,2026-02-01,1,159696533
11328969,2026-04-01,1,480985573
11328969,2026-03-01,5,"511164935,332662876,150985710,275947585,503563990"
11328969,2026-02-01,1,517805351
11328969,2025-09-01,2,"518760462,28266260"
11328969,2025-11-01,2,"172975452,43752811"
11328969,2025-10-01,1,3369729
11328969,2025-12-01,1,185208246
11328969,2026-01-01,1,49948925
18712600,2026-01-01,1,729339753
18712600,2026-03-01,2,"559676177,247988688"
26884929,2025-11-01,1,257606722
15088052,2026-03-01,1,465039566
15088052,2026-02-01,1,43416924
15088052,2025-11-01,1,46967034
33505109,2025-08-01,1,587836305
33505109,2025-06-01,1,656555481
31078539,2025-06-01,1,118348294
30487963,2026-03-01,2,"77827906,498074360"
30487963,2025-11-01,2,"89166811,469967209"
30487963,2025-09-01,1,247181547
30487963,2025-07-01,1,99432961
30487963,2026-04-01,3,"166509306,25828851,50083128"
30487963,2026-02-01,2,"50563278,57013355"
30487963,2025-12-01,2,"429912109,157935999"
30487963,2025-10-01,1,592900766
30487963,2025-08-01,2,"292105848,56773267"
30487963,2025-06-01,3,"342688340,438264080,702537700"
